{"cameraMode":{"drawMode":0,"name":"Shaded","section":"Shading Mode"},"sceneLighting":true,"audioPlay":false,"sceneViewState":{"m_AlwaysRefresh":false,"showFog":true,"showSkybox":true,"showFlares":true,"showImageEffects":true,"showParticleSystems":true,"showVisualEffectGraphs":true,"m_FxEnabled":true},"in2DMode":false,"pivot":{"x":127.29200744628906,"y":46.768096923828128,"z":18.409645080566408},"rotation":{"x":-0.0011622818419709802,"y":-0.9608381986618042,"z":0.27713319659233096,"w":-0.00404847739264369},"size":1.057226300239563,"orthographic":false}